<?xml version="1.0" encoding="UTF-8"?>
<project-private xmlns="http://www.netbeans.org/ns/project-private/1">
    <editor-bookmarks xmlns="http://www.netbeans.org/ns/editor-bookmarks/2" lastBookmarkId="0"/>
    <open-files xmlns="http://www.netbeans.org/ns/projectui-open-files/2">
        <group>
            <file>file:/Users/David/Varsity/Integrated%20Project/LangaCheshire/module/Application/view/layout/layout.phtml</file>
            <file>file:/Users/David/Varsity/Integrated%20Project/LangaCheshire/module/Application/src/Application/Controller/IndexController.php</file>
            <file>file:/Users/David/Varsity/Integrated%20Project/LangaCheshire/public/css/style.css</file>
            <file>file:/Users/David/Varsity/Integrated%20Project/LangaCheshire/module/Application/config/module.config.php</file>
            <file>file:/Users/David/Varsity/Integrated%20Project/LangaCheshire/public/js/lch-script.js</file>
        </group>
    </open-files>
</project-private>
